{"loss": [1.4772063493728638, 0.44951245188713074, 0.26776009798049927, 0.18727299571037292, 0.13679239153862, 0.11457549780607224, 0.08975648880004883, 0.07737516611814499, 0.06722960621118546, 0.06090729683637619], "accuracy": [0.5681769847869873, 0.8579557538032532, 0.9139483571052551, 0.9395262598991394, 0.9559854865074158, 0.9628992080688477, 0.9716622829437256, 0.9755032658576965, 0.9788604974746704, 0.9807098507881165], "val_loss": [0.4614258110523224, 0.2780028283596039, 0.1994505375623703, 0.18736402690410614, 0.16650038957595825, 0.16344329714775085, 0.12745401263237, 0.157406285405159, 0.14012791216373444, 0.11747249960899353], "val_accuracy": [0.8528340458869934, 0.9116776585578918, 0.9352948069572449, 0.9384247660636902, 0.9462212324142456, 0.948952853679657, 0.9619849920272827, 0.9540177583694458, 0.9610175490379333, 0.9648873209953308]}